# Redirects For Netlify
# Sample entry: {from} <space> {to}
# More info: https://docs.netlify.com/routing/redirects/

# Redirects created by Users [place yours below here]:

# Added by <User> on <Date> for PR <pr>

# Added by ravilach on 8-29-2023 for 3094
/docs/category/apisterraform /docs/category/automation
/docs/frequently-asked-questions /docs/faqs

# Added by schoudhury on 8-29-2023
/docs/category/apis /docs/category/api

# Added by schoudhury on 9-3-2023
/docs/category/get-started /docs/category/get-started-with-cd
/docs/category/get-started-with-harness-chaos-engineering-hce /docs/category/get-started-with-hce
/docs/category/get-started-1 /docs/category/get-started-with-ccm

# Added by aimurphy on Oct-25-2023 for 3809
/release-notes/whats-new /release-notes

# Added by aimurphy on Jan-31-2024 for build and upload artifact reorg on ci-rn-1-11-x branch
/docs/category/build-and-upload-artifacts /docs/category/build-push-upload-download

# Added by douglas-j-bothwell on Feb-5-2024
/docs/category/sto-workflows /docs/category/use-sto

# Added by aimurphy in Feb 2024 for Tutorial Unification
/tutorials/ci-pipelines /docs/continuous-integration
/tutorials/feature-flags /docs/feature-flags
/tutorials/self-managed-enterprise-edition /docs/self-managed-enterprise-edition
/tutorials/platform /docs/platform
/tutorials/error-tracking /docs/continuous-error-tracking
/tutorials/service-reliability /docs/service-reliability-management
/tutorials/software-engineering-insights /docs/software-engineering-insights
/tutorials/internal-developer-portal /docs/internal-developer-portal
/tutorials/secure-supply-chain /docs/software-supply-chain-assurance
/tutorials/chaos-experiments /docs/chaos-engineering
/tutorials/category/cloud-autostopping /docs/category/autostopping-guides
/tutorials/cloud-costs /docs/cloud-cost-management
/tutorials/security-tests /docs/security-testing-orchestration
/docs/continuous-delivery/get-started/cd-tutorial /docs/continuous-delivery
/tutorials/cd-pipelines /docs/continuous-delivery
/tutorials/cd-pipelines/unified-cicd /docs/category/cd-and-gitops-tutorials
/tutorials/cd-pipelines/kubernetes /docs/category/cd-and-gitops-tutorials
/tutorials/cd-pipelines/serverless /docs/category/cd-and-gitops-tutorials
/tutorials/cd-pipelines/vm /docs/category/cd-and-gitops-tutorials
/tutorials /docs

# Added by schoudhury on 3-2-2024
/certifications /university

# Added by aimurphy in Mar 2024 for get started unification
/docs/get-started /docs/category/get-started-with-harness
/docs/category/get-started-with-platform /docs/category/get-started-with-harness

# Added by roshnisarangadharan on April 2024 for bringing Native Helm and Helm deployments under one folder
/docs/continuous-delivery/deploy-srv-diff-platforms/native-helm-quickstart /docs/continuous-delivery/deploy-srv-diff-platforms/helm/native-helm-quickstart

# Added by ravilach on 7-11-2024 for Broken FF Category 
/docs/category/use-feature-flag-sdks /docs/category/use-ff-sdks

#Added by ravilach temp on 8-26-2024 for Unscripted
/unscripted https://play.instruqt.com/harness/invite/odjkrnp3nbcz

# Added by sushrutharness on 8-29-2024 for broken AWS category
/docs/continuous-delivery/deploy-srv-diff-platforms/aws /docs/category/aws

# Added by tejakummarikuntla on 9-3-2024 for SSCA to SCS refactoring
/docs/category/get-started-with-ssca /docs/category/get-started-with-scs

# Added by tejakummarikuntla on 10-14-2024 for renaming the document: "Configure pipeline to use STO images from private registry"
/docs/security-testing-orchestration/use-sto/set-up-sto-pipelines/download-images-from-private-registry /docs/security-testing-orchestration/use-sto/set-up-sto-pipelines/configure-pipeline-to-use-sto-images-from-private-registry

# Added by Debanitrkl on 10-10-2024 for CDE redirects

/docs/cloud-development-environment /docs/cloud-development-environments 

# Added by Debanitrkl on 10-16-2024 for IDP Sidenav Changes

/docs/internal-developer-portal/roadmap/harness-vs-backstage /docs/internal-developer-portal/harness-vs-backstage
/docs/category/self-service-flows/ /docs/category/self-service-workflows/
/docs/category/get-started-with-idp/ /docs/internal-developer-portal/get-started/

# Added by ivikramsahu on 08-01-2025 for renaming notifications to notification-and-banners

/docs/category/notifications /docs/category/notifications-and-banners

# Redirects generated from Front Matter [sytem generated goes below here]:
